Home Health Agency  Name,Sending Facility Identifier (MSH-4.1^MSH-4.2)
Beaumont Home Care,2.16.840.1.113883.3.5416.1.7367^2.16.840.1.113883.3.5416.1.7367
Beaumont Hospice Care,2.16.840.1.113883.3.5416.1.7368^2.16.840.1.113883.3.5416.1.7368
"Progress at Home, LLC",2.16.840.1.113883.3.5416.1.7316^2.16.840.1.113883.3.5416.1.7316
Compassionate Home Healthcare of Milford,2.16.840.1.113883.3.5416.1.7317^2.16.840.1.113883.3.5416.1.7317
